{
  "yolo": {
    "summary_json": {
      "dataset_root": "/mnt2/anita/TechBio/classified/PKG - AML-Cytomorphology_LMU/classified",
      "output_root": "/home/yucheng/Desktop/techbio_pipeline_output/yolo",
      "detector_checkpoint": "/home/yucheng/Desktop/techbio/techbio_final-project/best.pt",
      "num_images": 21621,
      "num_detections": 327764,
      "class_counts": {
        "RBC": 196311,
        "WBC": 94384,
        "Platelets": 37069
      },
      "save_patches": true,
      "per_image_json": false,
      "case_id_mode": "grandparent",
      "imgsz": 640,
      "conf": 0.25,
      "batch_size": 32,
      "path_prefix": null,
      "detections_manifest": "/home/yucheng/Desktop/techbio_pipeline_output/yolo/detections.jsonl",
      "images_manifest": "/home/yucheng/Desktop/techbio_pipeline_output/yolo/images.jsonl"
    },
    "image_count": 21621,
    "detection_rows": 327764,
    "detections_by_class": {
      "RBC": 196311,
      "WBC": 94384,
      "Platelets": 37069
    },
    "confidence_by_class": {
      "RBC": {
        "min": 0.250004,
        "p05": 0.288285,
        "p25": 0.483557,
        "median": 0.741979,
        "p75": 0.874723,
        "p95": 0.927584,
        "max": 0.964152,
        "mean": 0.676368
      },
      "WBC": {
        "min": 0.250004,
        "p05": 0.276122,
        "p25": 0.406851,
        "median": 0.600885,
        "p75": 0.749451,
        "p95": 0.832177,
        "max": 0.96075,
        "mean": 0.578264
      },
      "Platelets": {
        "min": 0.250001,
        "p05": 0.263229,
        "p25": 0.321929,
        "median": 0.419212,
        "p75": 0.550687,
        "p95": 0.726869,
        "max": 0.909319,
        "mean": 0.447825
      }
    },
    "bbox_width_by_class": {
      "RBC": {
        "min": 3.091,
        "p05": 20.1855,
        "p25": 64.6905,
        "median": 101.38,
        "p75": 115.6795,
        "p95": 129.958,
        "max": 164.852,
        "mean": 89.058643
      },
      "WBC": {
        "min": 3.141,
        "p05": 11.53145,
        "p25": 25.01075,
        "median": 42.103,
        "p75": 180.19725,
        "p95": 216.449,
        "max": 238.388,
        "mean": 86.538958
      },
      "Platelets": {
        "min": 2.558,
        "p05": 7.63,
        "p25": 14.341,
        "median": 18.311,
        "p75": 21.718,
        "p95": 43.3796,
        "max": 87.929,
        "mean": 20.019591
      }
    },
    "bbox_height_by_class": {
      "RBC": {
        "min": 3.32,
        "p05": 21.95,
        "p25": 63.6975,
        "median": 97.696,
        "p75": 110.197,
        "p95": 124.951,
        "max": 172.217,
        "mean": 86.217852
      },
      "WBC": {
        "min": 4.756,
        "p05": 16.8673,
        "p25": 30.33075,
        "median": 47.574,
        "p75": 165.10225,
        "p95": 219.13925,
        "max": 265.266,
        "mean": 87.674694
      },
      "Platelets": {
        "min": 2.434,
        "p05": 3.825,
        "p25": 8.512,
        "median": 16.582,
        "p75": 22.785,
        "p95": 42.3704,
        "max": 77.258,
        "mean": 17.712537
      }
    },
    "bbox_area_fraction_by_class": {
      "RBC": {
        "min": 0.000998,
        "p05": 0.009324,
        "p25": 0.025625,
        "median": 0.05104,
        "p75": 0.072774,
        "p95": 0.092577,
        "max": 0.145339,
        "mean": 0.0502
      },
      "WBC": {
        "min": 0.001509,
        "p05": 0.006209,
        "p25": 0.014648,
        "median": 0.032133,
        "p75": 0.190598,
        "p95": 0.289267,
        "max": 0.374937,
        "mean": 0.094608
      },
      "Platelets": {
        "min": 0.000297,
        "p05": 0.000975,
        "p25": 0.002025,
        "median": 0.005137,
        "p75": 0.008327,
        "p95": 0.01246,
        "max": 0.023445,
        "mean": 0.005627
      }
    },
    "wbc_per_image": {
      "min": 0.0,
      "p05": 1.0,
      "p25": 1.0,
      "median": 2.0,
      "p75": 3.0,
      "p95": 23.0,
      "max": 47.0,
      "mean": 4.365386
    },
    "zero_wbc_images": 117,
    "wbc_low_conf_lt_0_5": 34962,
    "wbc_low_conf_fraction": 0.370423,
    "wbc_top1_candidate_images": 21504,
    "wbc_overlap": {
      "threshold": 0.5,
      "max_iou_by_image": {
        "min": 0.0,
        "p05": 0.0,
        "p25": 0.0,
        "median": 0.0,
        "p75": 0.647156,
        "p95": 0.695497,
        "max": 0.852792,
        "mean": 0.276828
      },
      "images_with_high_overlap": 8360,
      "high_overlap_pairs": 18975
    }
  },
  "medsam": {
    "total_rows": 21504,
    "status_counts": {
      "OK": 21478,
      "NO_DETECTION": 26
    },
    "ok_fraction": 0.998791,
    "by_class_status": {
      "BAS": {
        "OK": 78
      },
      "EBO": {
        "OK": 78
      },
      "EOS": {
        "OK": 423
      },
      "KSC": {
        "OK": 13,
        "NO_DETECTION": 1
      },
      "LYA": {
        "OK": 3236,
        "NO_DETECTION": 25
      },
      "LYT": {
        "OK": 3936
      },
      "MMZ": {
        "OK": 15
      },
      "MOB": {
        "OK": 26
      },
      "MON": {
        "OK": 1756
      },
      "MYB": {
        "OK": 42
      },
      "MYO": {
        "OK": 3263
      },
      "NGB": {
        "OK": 107
      },
      "NGS": {
        "OK": 8417
      },
      "PMB": {
        "OK": 18
      },
      "PMO": {
        "OK": 70
      }
    },
    "by_category_status": {
      "artifact_or_other": {
        "OK": 13,
        "NO_DETECTION": 1
      },
      "erythroid": {
        "OK": 78
      },
      "granulocyte_immature": {
        "OK": 3408
      },
      "granulocyte_mature": {
        "OK": 9025
      },
      "lymphoid": {
        "OK": 7172,
        "NO_DETECTION": 25
      },
      "monocytic": {
        "OK": 1782
      }
    },
    "cell_type_mismatch_rows_corrected_from_mask_path": 3250,
    "no_detection_examples_by_class": {
      "KSC": [
        "KSC_0015.tiff"
      ],
      "LYA": [
        "WBC-Benign-135.tiff",
        "WBC-Benign-226.tiff",
        "WBC-Benign-279.tiff",
        "WBC-Benign-400.tiff",
        "WBC-Benign-412.tiff",
        "WBC-Benign-490.tiff",
        "WBC-Malignant-Early-048.tiff",
        "WBC-Malignant-Early-075.tiff"
      ]
    },
    "num_detections_by_class": {
      "BAS": {
        "min": 1.0,
        "p05": 1.0,
        "p25": 1.0,
        "median": 1.0,
        "p75": 1.0,
        "p95": 1.0,
        "max": 1.0,
        "mean": 1.0
      },
      "EBO": {
        "min": 1.0,
        "p05": 1.0,
        "p25": 1.0,
        "median": 1.0,
        "p75": 1.0,
        "p95": 1.0,
        "max": 1.0,
        "mean": 1.0
      },
      "EOS": {
        "min": 1.0,
        "p05": 1.0,
        "p25": 1.0,
        "median": 1.0,
        "p75": 1.0,
        "p95": 1.0,
        "max": 1.0,
        "mean": 1.0
      },
      "KSC": {
        "min": 0.0,
        "p05": 0.65,
        "p25": 1.0,
        "median": 1.0,
        "p75": 1.0,
        "p95": 1.0,
        "max": 1.0,
        "mean": 0.928571
      },
      "LYA": {
        "min": 0.0,
        "p05": 1.0,
        "p25": 1.0,
        "median": 1.0,
        "p75": 1.0,
        "p95": 1.0,
        "max": 1.0,
        "mean": 0.992334
      },
      "LYT": {
        "min": 1.0,
        "p05": 1.0,
        "p25": 1.0,
        "median": 1.0,
        "p75": 1.0,
        "p95": 1.0,
        "max": 1.0,
        "mean": 1.0
      },
      "MMZ": {
        "min": 1.0,
        "p05": 1.0,
        "p25": 1.0,
        "median": 1.0,
        "p75": 1.0,
        "p95": 1.0,
        "max": 1.0,
        "mean": 1.0
      },
      "MOB": {
        "min": 1.0,
        "p05": 1.0,
        "p25": 1.0,
        "median": 1.0,
        "p75": 1.0,
        "p95": 1.0,
        "max": 1.0,
        "mean": 1.0
      },
      "MON": {
        "min": 1.0,
        "p05": 1.0,
        "p25": 1.0,
        "median": 1.0,
        "p75": 1.0,
        "p95": 1.0,
        "max": 1.0,
        "mean": 1.0
      },
      "MYB": {
        "min": 1.0,